stratum,n,bias,rmse,mae,r,r_log,slope,intercept,view,retrieval,qc_mode
all,136186,8.27910960470612,43.796030751002434,12.541739453636124,0.009578308528836007,0.2836483959183617,0.057453799950847845,13.430285475129393,sample,R10,qc_strict
ocean,116502,7.960437267923868,42.723559296630974,12.20793218150915,0.008637919989109075,0.30096962810797523,0.0506094680247312,13.211716404267598,sample,R10,qc_strict
land,19684,10.16520819136565,49.671715015776755,14.51741588207222,0.016408844981572083,0.18889482770473798,0.11088226264264352,14.676862739806019,sample,R10,qc_strict
lat_tropics,65392,2.791774851859992,29.33417242362389,7.476203774430571,0.030950466830706635,0.34751265370157913,0.11673977048327847,7.563889465884757,sample,R10,qc_strict
lat_midlat,67597,12.333004243249523,51.78647628321815,16.314675120980944,0.0032171926793157645,0.2645107093095924,0.023846023687878127,17.80229095358869,sample,R10,qc_strict
lat_polar,3197,34.802937654908156,86.03386537344932,36.37857925003949,-0.04947155771339042,0.13816571075510165,-1.0469665706865527,42.63888654271331,sample,R10,qc_strict
dist_lt2km,107541,5.771649181886846,37.50538271333864,10.136593353583656,0.022230489300606632,0.323957375928152,0.11547582494283032,10.692825069280307,sample,R10,qc_strict
dist_2_5km,28188,17.53620354677886,61.72290103455038,21.436034657112632,-0.007545899054714723,0.2102183086505547,-0.060743550755128786,22.958189534695112,sample,R10,qc_strict
dist_ge5km,457,27.350963633724213,74.78753537860192,29.91465750647322,-0.044129783115531306,0.1446377919004818,-0.7416508285461789,34.50533550794429,sample,R10,qc_strict
tdiff_lt3min,54708,7.697465669837773,41.93103404589853,11.885515660961103,0.014916550963367036,0.30064141753134077,0.08448713943745513,12.709829783244741,sample,R10,qc_strict
tdiff_ge3min,81478,8.669651547178661,45.00492650955393,12.982357672660461,0.006192845228171544,0.2725879276712547,0.03853504088399112,13.917924664325835,sample,R10,qc_strict
tau_thin,25513,15.30686486722568,53.14625387492844,15.31222737980269,-0.030317877788922455,-0.007344944349546238,-6.326399347219879,19.001739414981337,sample,R10,qc_strict
tau_mid,26213,8.674352895593131,38.74359989105825,8.953970652921319,-0.018647141240549274,0.05600226923336848,-1.2235893963714255,12.881953072216668,sample,R10,qc_strict
tau_thick,50622,8.039247172118795,42.43020338193976,11.571130280415518,0.0474087949208312,0.16158053768824432,1.0071399904738207,7.995300259910498,sample,R10,qc_strict
tau_very_thick,21421,-3.4048959974359874,35.188699109305645,15.000084528308072,0.02260647307079109,0.10899151790714126,0.0734132565987252,12.575539629797662,sample,R10,qc_strict
orac_liquid,132157,8.566019194367096,44.43143495922088,12.830916309726357,0.006827452257093622,0.2724669402664517,0.041451852198365266,13.865843039358975,sample,R10,qc_strict
orac_ice,4029,-1.131937960651392,8.901698114517284,3.0563222855256766,0.09729341712612206,0.3555634710904506,0.10241245617350686,1.8939162767063837,sample,R10,qc_strict
atlid_radar_synergy,34796,0.7348252931165458,32.33738421918319,11.139575347748277,0.04657201878280022,0.27701440645446435,0.13601127451378509,10.152947054472373,sample,R10,qc_strict
atlid_only,101390,10.868230000268513,47.09019144374252,13.022947681552813,0.021916355429574135,0.23953072014719326,0.25864546441907355,13.536911638460188,sample,R10,qc_strict
all,136080,10.225474629440221,48.31551943360313,14.522400560303689,0.002809022062609436,0.2504440100965252,0.018519915909203072,15.609913156821461,sample,R11,qc_strict
ocean,115325,9.765960758118089,47.08022450616231,14.068145159343405,0.0002952640042189064,0.26513054381080003,0.0018967303387502556,15.310592489883442,sample,R11,qc_strict
land,20755,12.778759968405549,54.67336574848346,17.046467248607428,0.0175372659582142,0.1757835985452847,0.1309945072220681,17.21236122986829,sample,R11,qc_strict
lat_tropics,64701,4.176923644146665,33.672222819717504,8.882256907656325,0.02222616245051333,0.2957835878196285,0.0961581996865658,9.05195785406051,sample,R11,qc_strict
lat_midlat,68006,14.7268142796028,56.72599130409431,18.766537106001376,-0.006811241343951525,0.23512769884472332,-0.055045428893574715,20.689278850881603,sample,R11,qc_strict
lat_polar,3373,35.493542536502964,86.90108798969841,37.142081717498975,-0.024518625633293458,0.15672111482281753,-0.5207684513140363,41.461122650896606,sample,R11,qc_strict
dist_lt2km,107255,7.463612435526632,41.92957518448774,11.875851531973906,0.014036297703641629,0.2841423860846451,0.08131524365231513,12.590882216221653,sample,R11,qc_strict
dist_2_5km,28359,20.38493192126083,66.76655542177407,24.27105401326955,-0.01233331869641313,0.19119870695601854,-0.10663804178441894,26.085079299366473,sample,R11,qc_strict
dist_ge5km,466,27.632084649744762,75.86220416597615,30.388393609342106,-0.09794458674601078,0.09241322216291636,-1.7358392938973164,38.58770250053706,sample,R11,qc_strict
tdiff_lt3min,54763,9.926879798094067,47.30075331257011,14.123902395873058,0.012094850021086326,0.26416601506857046,0.07711286528986497,14.990882856769026,sample,R11,qc_strict
tdiff_ge3min,81317,10.426563562246523,48.98707082236903,14.7907694742911,-0.0033746643869151834,0.2413433302887544,-0.022751204339133028,16.0366649657119,sample,R11,qc_strict
tau_thin,25714,17.705083046927403,57.671453448091235,17.710655439587057,-0.037608108707534116,-0.010522454896496367,-8.467184396977892,22.47903067874686,sample,R11,qc_strict
tau_mid,25933,10.586731268459268,43.55845015599969,10.868255559159067,-0.02186454288094091,0.039252866605887976,-1.6050191397692823,15.50847502206517,sample,R11,qc_strict
tau_thick,50750,10.217719679288656,47.58647831021326,13.738898191520551,0.04616371483306958,0.14927080067079943,1.096329538004985,9.622476579995462,sample,R11,qc_strict
tau_very_thick,21484,-2.549504107656665,37.68056200944285,16.002991388552736,0.02833055748584052,0.09856092703464618,0.09967345141063037,12.964385459680198,sample,R11,qc_strict
orac_liquid,132205,10.534347225338175,48.93872799915305,14.83265939546204,3.238306783674128e-05,0.23951931046791933,0.00021580327509734986,16.078591070270186,sample,R11,qc_strict
orac_ice,3875,-0.312461252027778,16.3261614404946,3.937169772662342,0.06070860333629202,0.3271856008027313,0.14378992360256457,2.6495366672284844,sample,R11,qc_strict
atlid_radar_synergy,34691,2.047976260579702,36.57203416612644,12.605279385455477,0.03381801156728543,0.23255607026829916,0.11235175278134661,11.749771736822286,sample,R11,qc_strict
atlid_only,101389,13.023466481753006,51.72502161361363,15.178357820723052,0.019250929940877907,0.21693920376036716,0.24737671599545288,15.750540515112508,sample,R11,qc_strict
all,137131,8.309299893930069,43.759674434974904,12.283322312138608,0.009563387730390055,0.2968454362182106,0.06250443625724826,13.427542829607331,pixel,R10,qc_strict
ocean,117368,7.989767646338675,42.674899851018644,11.944086918862764,0.008542764943833369,0.31409850359768055,0.054644844523786304,13.211096479591454,pixel,R10,qc_strict
land,19763,10.206929850682906,49.71660339952266,14.297964807609908,0.016830184494231026,0.20228741679607787,0.1225529261387371,14.665635324256847,pixel,R10,qc_strict
lat_tropics,65737,2.80999806430409,29.17379309270193,7.155769982410392,0.03256707445951641,0.3679360646292572,0.13566692346403328,7.466596088842986,pixel,R10,qc_strict
lat_midlat,68169,12.362807683131065,51.79231995591257,16.09885188103553,0.002958895910747264,0.27548206416113075,0.02350896865137768,17.838141808617515,pixel,R10,qc_strict
lat_polar,3225,34.722953193799825,85.87789514759837,36.149701325226836,-0.059699638502572996,0.13673971990314637,-1.3339676305495738,43.60454665228371,pixel,R10,qc_strict
dist_lt2km,97222,4.287636465817868,33.20586804720334,8.387849156876726,0.03383155949634098,0.36939616720824353,0.17173153088628618,8.89536465132933,pixel,R10,qc_strict
dist_2_5km,39323,17.9523479467196,62.17177077024805,21.638913965557443,-0.010971851537395742,0.22330009153385702,-0.09567489664220505,23.676163085471526,pixel,R10,qc_strict
dist_ge5km,586,28.446813935024903,76.1398392188697,30.774381208865304,-0.048091934523265475,0.14243239550168382,-0.8646077839842602,36.04097596671389,pixel,R10,qc_strict
tdiff_lt3min,55066,7.738611143775528,41.92601804340321,11.627855257735328,0.016710930953349898,0.3146867543488901,0.10345209642788301,12.63736704930767,pixel,R10,qc_strict
tdiff_ge3min,82065,8.692234722614767,44.94814902442801,12.723143780703417,0.005014343416118398,0.2852496389989151,0.03392779676787036,13.96355144004683,pixel,R10,qc_strict
tau_thin,24077,15.282258094279603,53.66449716660651,15.288689741421614,-0.03787729606750389,-0.00842808093566957,-8.056334110333296,20.085232704285264,pixel,R10,qc_strict
tau_mid,28707,8.731333674195433,39.508315092727194,9.029526504430283,0.00639123244297739,0.08026242496710545,0.4229107413596824,9.826686368080393,pixel,R10,qc_strict
tau_thick,55845,8.366997230212641,43.140410624284996,11.751723996288055,0.024449331756144898,0.16466604478859279,0.5329100007403141,11.194655947594903,pixel,R10,qc_strict
tau_very_thick,20417,-3.0888960941961776,33.3817992806683,13.917839745255455,0.03343939872445412,0.1256164307889846,0.11608143088104808,11.752264961101202,pixel,R10,qc_strict
orac_liquid,133075,8.597301886264567,44.39559805520703,12.56818447397731,0.00656298141410659,0.2843195520399522,0.04348085335259094,13.879864612468104,pixel,R10,qc_strict
orac_ice,4056,-1.1398778994411285,8.695543019287806,2.9371605304114476,0.10750739223248379,0.37778955543207043,0.11707587774251732,1.849374162554562,pixel,R10,qc_strict
atlid_radar_synergy,29074,0.17698686176354794,31.577262619221145,11.01144639378839,0.055989236457514656,0.2881263538794126,0.1706451717196004,9.787692280469058,pixel,R10,qc_strict
atlid_only,108057,10.497393854499112,46.495699342160385,12.625535407543017,0.017474126812394564,0.2551197559333484,0.21154490725365138,13.50179436752003,pixel,R10,qc_strict
all,137025,10.247905106668735,48.268281806864806,14.268456794264164,0.0010912706365055387,0.26087421750970763,0.007836919612491083,15.684828727142065,pixel,R11,qc_strict
ocean,116185,9.784213443126632,47.01322133339442,13.806066134821258,-0.0017747637075894956,0.276086694738603,-0.012437349340025728,15.400566748342515,pixel,R11,qc_strict
land,20840,12.833030631075614,54.74047474272986,16.84632909596158,0.017530828243507417,0.18320087209531147,0.1414459661989201,17.214752106944974,pixel,R11,qc_strict
lat_tropics,65037,4.205411477182693,33.574343207264526,8.58340456636112,0.021795385869629764,0.31096961114365435,0.10426208775817349,9.023451865049395,pixel,R11,qc_strict
lat_midlat,68586,14.723893122471667,56.663294701719806,18.53142790918836,-0.008996139482117858,0.24407904613201736,-0.07786955085437805,20.818667587488765,pixel,R11,qc_strict
lat_polar,3402,35.52584282831016,86.95213132788996,37.00761166138333,-0.03189307988861423,0.1590197460700984,-0.7187620474863724,42.213793287103314,pixel,R11,qc_strict
dist_lt2km,96712,5.722664308696427,37.30289510732044,9.885314694226363,0.01974212282769379,0.3213661386746671,0.11216942190939314,10.674817743816229,pixel,R11,qc_strict
dist_2_5km,39710,20.955122948005272,67.44710903111272,24.653682357153542,-0.013739350784128999,0.20239097590985772,-0.12945972824775487,26.90071322711993,pixel,R11,qc_strict
dist_ge5km,603,30.913688811518075,81.68990318593119,33.348277153332944,-0.0972139420094459,0.08514112183414181,-1.9371565188681454,42.604231547548906,pixel,R11,qc_strict
tdiff_lt3min,55119,9.946365637795306,47.24527165699883,13.860549943001562,0.01009521533576604,0.2756055884377468,0.07030264821723844,15.036579702505735,pixel,R11,qc_strict
tdiff_ge3min,81906,10.450827407658094,48.944686100566805,14.542959489240644,-0.004876188178948599,0.25113135595794295,-0.03573791284728173,16.12983828837696,pixel,R11,qc_strict
tau_thin,24174,17.646330846091775,58.02824380142004,17.653042524013085,-0.04512307698952861,-0.014504308318682546,-10.319257610643378,23.64927586798527,pixel,R11,qc_strict
tau_mid,28359,10.722754256337577,44.45173496616158,11.020612928386116,-0.0005803107438730944,0.06316876902942897,-0.04293773055741428,12.700755704039876,pixel,R11,qc_strict
tau_thick,56120,10.503270249538186,48.08376981693048,13.880103054301507,0.020969173635663425,0.14499186122979169,0.5076724553069064,13.493657336366345,pixel,R11,qc_strict
tau_very_thick,20426,-2.281912963001374,36.2214848211977,14.990143034587563,0.032566426663201246,0.1097732479513824,0.12370561486937681,12.427939265827224,pixel,R11,qc_strict
orac_liquid,133123,10.5576260914842,48.89159380150021,14.574870325274436,-0.0018622047432536413,0.24865098059133986,-0.013536539216535682,16.17147311592981,pixel,R11,qc_strict
orac_ice,3902,-0.31872397113458345,16.23865974990165,3.8146668176675758,0.05355279554457924,0.345640601446306,0.13144984869996007,2.6925008360609413,pixel,R11,qc_strict
atlid_radar_synergy,29031,1.252903429621328,35.16460806139361,12.29199328267454,0.04021847643322048,0.2418793295516902,0.13718012317713407,11.26999001548015,pixel,R11,qc_strict
atlid_only,107994,12.66594586528832,51.222284081405135,14.799770683970612,0.014690961129410063,0.22896337158036814,0.19429891901674223,15.75342676299271,pixel,R11,qc_strict
